-- Seed Users (password: admin123)
INSERT INTO users (id, email, phone, password_hash, name, role, is_active, created_at, updated_at) VALUES
('a0000000-0000-0000-0000-000000000001', 'admin@hotel.com', '0550 00 00 01', '$2b$04$SIb419DgUWCTI24aBYMHxOMPnAd/nxFhfE0s1VJtpVkLHKuPcFJY2', 'Admin', 'ADMIN', true, NOW(), NOW()),
('a0000000-0000-0000-0000-000000000002', 'amel@hotel.com', '0550 00 00 02', '$2b$04$SIb419DgUWCTI24aBYMHxOMPnAd/nxFhfE0s1VJtpVkLHKuPcFJY2', 'Amel', 'RECEPTIONIST', true, NOW(), NOW()),
('a0000000-0000-0000-0000-000000000003', 'karim@hotel.com', '0550 00 00 03', '$2b$04$SIb419DgUWCTI24aBYMHxOMPnAd/nxFhfE0s1VJtpVkLHKuPcFJY2', 'Karim', 'RECEPTIONIST', true, NOW(), NOW()),
('a0000000-0000-0000-0000-000000000004', 'soria@hotel.com', '0550 00 00 04', '$2b$04$SIb419DgUWCTI24aBYMHxOMPnAd/nxFhfE0s1VJtpVkLHKuPcFJY2', 'Soria', 'RECEPTIONIST', true, NOW(), NOW())
ON CONFLICT (id) DO NOTHING;

-- Hotel Settings
INSERT INTO hotel_settings (id, hotel_name, logo_url, check_in_time, check_out_time, currency_symbol, created_at, updated_at)
VALUES ('default', 'Le Cheval Blanc', '/CHEVALBLANC.png', '14:00', '12:00', 'DA', NOW(), NOW())
ON CONFLICT (id) DO NOTHING;

-- Room Types
INSERT INTO room_types (id, name, bed_layout_label, created_at, updated_at) VALUES
('b0000000-0000-0000-0000-000000000001', 'Grand Lit', '1 grand lit', NOW(), NOW()),
('b0000000-0000-0000-0000-000000000002', 'Standard 2 PAX', '2 lits', NOW(), NOW()),
('b0000000-0000-0000-0000-000000000003', 'Standard 3 PAX', '3 lits', NOW(), NOW()),
('b0000000-0000-0000-0000-000000000004', 'Standard 4 PAX', '4 lits', NOW(), NOW()),
('b0000000-0000-0000-0000-000000000005', 'Mixte', '1 grand lit + petits lits', NOW(), NOW())
ON CONFLICT (id) DO NOTHING;

-- Floors
INSERT INTO floors (id, name, sort_order, is_active, created_at, updated_at) VALUES
('c0000000-0000-0000-0000-000000000001', 'Rez-de-chaussée', 0, true, NOW(), NOW()),
('c0000000-0000-0000-0000-000000000002', '1er étage', 1, true, NOW(), NOW()),
('c0000000-0000-0000-0000-000000000003', '2ème étage', 2, true, NOW(), NOW())
ON CONFLICT (id) DO NOTHING;

-- Rooms (Rooming List from soria.pdf)
INSERT INTO rooms (id, room_number, floor_id, room_type_id, bed_layout, price_per_night, status, created_at, updated_at) VALUES
('d0000000-0000-0000-0000-000000000001', 1, 'c0000000-0000-0000-0000-000000000001', 'b0000000-0000-0000-0000-000000000004', '4 lits', 8500, 'AVAILABLE', NOW(), NOW()),
('d0000000-0000-0000-0000-000000000002', 2, 'c0000000-0000-0000-0000-000000000001', 'b0000000-0000-0000-0000-000000000002', '2 lits', 5500, 'AVAILABLE', NOW(), NOW()),
('d0000000-0000-0000-0000-000000000003', 3, 'c0000000-0000-0000-0000-000000000001', 'b0000000-0000-0000-0000-000000000003', '3 lits', 7500, 'AVAILABLE', NOW(), NOW()),
('d0000000-0000-0000-0000-000000000004', 4, 'c0000000-0000-0000-0000-000000000001', 'b0000000-0000-0000-0000-000000000004', '4 lits', 8500, 'AVAILABLE', NOW(), NOW()),
('d0000000-0000-0000-0000-000000000005', 5, 'c0000000-0000-0000-0000-000000000001', 'b0000000-0000-0000-0000-000000000001', '1 grand lit', 5000, 'AVAILABLE', NOW(), NOW()),
('d0000000-0000-0000-0000-000000000006', 6, 'c0000000-0000-0000-0000-000000000002', 'b0000000-0000-0000-0000-000000000001', '1 grand lit', 5000, 'AVAILABLE', NOW(), NOW()),
('d0000000-0000-0000-0000-000000000007', 7, 'c0000000-0000-0000-0000-000000000002', 'b0000000-0000-0000-0000-000000000001', '1 grand lit', 5000, 'AVAILABLE', NOW(), NOW()),
('d0000000-0000-0000-0000-000000000008', 8, 'c0000000-0000-0000-0000-000000000002', 'b0000000-0000-0000-0000-000000000003', '3 lits', 7500, 'AVAILABLE', NOW(), NOW()),
('d0000000-0000-0000-0000-000000000009', 9, 'c0000000-0000-0000-0000-000000000002', 'b0000000-0000-0000-0000-000000000005', '1 grand lit + petits lits', 6500, 'AVAILABLE', NOW(), NOW()),
('d0000000-0000-0000-0000-000000000010', 10, 'c0000000-0000-0000-0000-000000000002', 'b0000000-0000-0000-0000-000000000002', '2 lits', 5500, 'AVAILABLE', NOW(), NOW()),
('d0000000-0000-0000-0000-000000000011', 11, 'c0000000-0000-0000-0000-000000000002', 'b0000000-0000-0000-0000-000000000002', '2 lits', 5500, 'AVAILABLE', NOW(), NOW()),
('d0000000-0000-0000-0000-000000000012', 12, 'c0000000-0000-0000-0000-000000000002', 'b0000000-0000-0000-0000-000000000002', '2 lits', 5500, 'AVAILABLE', NOW(), NOW()),
('d0000000-0000-0000-0000-000000000013', 13, 'c0000000-0000-0000-0000-000000000002', 'b0000000-0000-0000-0000-000000000002', '2 lits', 5500, 'AVAILABLE', NOW(), NOW()),
('d0000000-0000-0000-0000-000000000014', 14, 'c0000000-0000-0000-0000-000000000002', 'b0000000-0000-0000-0000-000000000002', '2 lits', 5500, 'AVAILABLE', NOW(), NOW()),
('d0000000-0000-0000-0000-000000000015', 15, 'c0000000-0000-0000-0000-000000000002', 'b0000000-0000-0000-0000-000000000003', '3 lits', 7500, 'AVAILABLE', NOW(), NOW()),
('d0000000-0000-0000-0000-000000000016', 16, 'c0000000-0000-0000-0000-000000000003', 'b0000000-0000-0000-0000-000000000001', '1 grand lit', 5000, 'AVAILABLE', NOW(), NOW()),
('d0000000-0000-0000-0000-000000000017', 17, 'c0000000-0000-0000-0000-000000000003', 'b0000000-0000-0000-0000-000000000001', '1 grand lit', 5000, 'AVAILABLE', NOW(), NOW()),
('d0000000-0000-0000-0000-000000000018', 18, 'c0000000-0000-0000-0000-000000000003', 'b0000000-0000-0000-0000-000000000003', '3 lits', 7500, 'AVAILABLE', NOW(), NOW()),
('d0000000-0000-0000-0000-000000000019', 19, 'c0000000-0000-0000-0000-000000000003', 'b0000000-0000-0000-0000-000000000005', '1 grand lit + petits lits', 6500, 'AVAILABLE', NOW(), NOW()),
('d0000000-0000-0000-0000-000000000020', 20, 'c0000000-0000-0000-0000-000000000003', 'b0000000-0000-0000-0000-000000000002', '2 lits', 5500, 'AVAILABLE', NOW(), NOW()),
('d0000000-0000-0000-0000-000000000021', 21, 'c0000000-0000-0000-0000-000000000003', 'b0000000-0000-0000-0000-000000000002', '2 lits', 5500, 'AVAILABLE', NOW(), NOW()),
('d0000000-0000-0000-0000-000000000022', 22, 'c0000000-0000-0000-0000-000000000003', 'b0000000-0000-0000-0000-000000000001', '1 grand lit', 5000, 'AVAILABLE', NOW(), NOW()),
('d0000000-0000-0000-0000-000000000023', 23, 'c0000000-0000-0000-0000-000000000003', 'b0000000-0000-0000-0000-000000000002', '2 lits', 5500, 'AVAILABLE', NOW(), NOW()),
('d0000000-0000-0000-0000-000000000024', 24, 'c0000000-0000-0000-0000-000000000003', 'b0000000-0000-0000-0000-000000000002', '2 lits', 5500, 'AVAILABLE', NOW(), NOW()),
('d0000000-0000-0000-0000-000000000025', 25, 'c0000000-0000-0000-0000-000000000003', 'b0000000-0000-0000-0000-000000000003', '3 lits', 7500, 'AVAILABLE', NOW(), NOW())
ON CONFLICT (id) DO NOTHING;

-- Discounts
INSERT INTO discounts (id, code, type, value, min_amount, valid_from, valid_until, max_uses, is_active, created_at, updated_at) VALUES
('e0000000-0000-0000-0000-000000000001', 'WELCOME10', 'PERCENTAGE', 10, 0, NOW(), NOW() + INTERVAL '1 year', 0, true, NOW(), NOW()),
('e0000000-0000-0000-0000-000000000002', 'FLAT5000', 'FIXED', 5000, 30000, NOW(), NOW() + INTERVAL '1 year', 0, true, NOW(), NOW()),
('e0000000-0000-0000-0000-000000000003', 'SUMMER20', 'PERCENTAGE', 20, 0, NOW(), NOW() + INTERVAL '1 year', 50, true, NOW(), NOW())
ON CONFLICT (code) DO NOTHING;
